"About Cookies on this site. Our site uses cookies and other technologies so that we, and our partners, can remember you and understand how you and other visitors use our site. Read more about cookies and similar technologies",GOOD
"We use cookies to personalize content and ads, to provide social media features and to analyze our traffic. We also share information about your use of our site with our social media, advertising and analytics partners. Cookie Policy",GOOD
"We value your privacy. When you visit TheAtlantic.com, The Atlantic and our partners use cookies and other methods to process your personal data in order to customize content and your site experience, provide social media features, analyze our traffic, and personalize advertising on both our family of websites and our partners’ platforms. Please click 'I Accept' to accept this use of your data. Alternatively, you may select 'Set My Preferences' to accept (or reject) specific categories of data processing. For more information on how we process your personal data - or to update your preferences at any time - please visit our Privacy Policy.",GOOD
"Our website uses cookies. Cookies allow us to distinguish you from other users of our website, personalise content and ads, provide social media features and analyse your use of this website. We may also share information about your usage with our social media, advertising and analytics partners. You may delete and block cookies from this website, but deleting some cookies may mean some parts of the website may not work (see our Cookies Policy for more information).",GOOD
"Let us know you agree to cookies. We use cookies to give you the best online experience. Please let us know if you agree to all of these cookies.",GOOD
"We value your privacy. We and our partners use technology such as cookies on our site to personalise content and ads, provide social media features, and analyse our traffic. Click below to consent to the use of this technology across the web. You can change your mind and change your consent choices at anytime by returning to this site. Show Purposes. See full vendor list. Powered by Quantcast.",GOOD
"Welcome to BIKE Can we use your data to tailor ads for you? Our partners will collect data and use cookies for ad personalization and measurement. Learn how BIKE and our partners collect and use data. You can change your choice at any time in our privacy center.",GOOD
"This website, published by Tiso Blackstar Group (Pty) Ltd, uses cookies, which help to run the website in various ways, including essential services, advertising and analytics. By accepting or continuing to use this website, you consent to us using cookies. You can see how to opt out of non-essential cookies or get more information about how we manage cookies in our privacy and cookie policy.",GOOD
"We value your privacy We and our partners use technology such as cookies on our site to personalise content and ads, provide social media fatures, and analyse our traffic. Click below to consent to the use of this technology across the web. You can change your mind and change your consent choices at anytime by returning to this site. Show Purposes privacy policy Powered by Quantcast",GOOD
"Please know that cookies are required to operate and enhance our services as well as for advertising purposes. We value your privacy. If you are not comfortable with us using this information, please review your settings before continuing your visit.",GOOD
"We and our partners use cookies to understand how you use our site, improve your experience and serve you personalized content and advertising. Read about how we use cookies in our cookie policy and how you can control them by clicking 'Manage Settings'. By continuing to use this site, you accept these cookies.",GOOD
"We value your privacy We and our partners use technology such as cookies on our site to personalise content and ads, provide social media features, and analyse our traffic. Click below to consent to the use of this technology across the web. You can change your mind and change your consent choices at anytime by returning to this site. Show Purposes Powered by Quantcast",GOOD
"Like most websites Channel 4 uses cookies. In order to deliver a personalised, responsive service and to improve the site, we remember and store information about how you use it. This is done using simple text files called cookies which sit on your computer. These cookies are completely safe and secure and will never contain any sensitive information. They are used only by Channel 4 or the trusted partners we work with. How to manage cookies",GOOD
"We use cookies to understand how you use our site and to improve your experience. This includes personalizing content and advertising. To manage or opt out of the use of cookies click here. By continuing to use this website or closing this banner, you accept our use of first and third-party cookies",GOOD
"Hearst operates this site and uses cookies and similar technologies ('Cookies'). Some Cookies are necessary to make this site and our content available to you. Other Cookies enable us to analyze and measure audience and traffic to the site. Cookies are also used by us, advertisers, ad-tech providers and others to develop and serve ads that are more relevant to your interests. Click on the Learn More link below for more information about Cookies, the types of partners and third parties that can set Cookies on your device or browser when you interact with this site and the purposes for which Cookies are set. From time to time we may add or remove partners or third parties who use Cookies for similar purposes. You can adjust your preferences or withdraw your consent to certain Cookies at any time using the Cookies Choices and Cookies Dashboard tools on our site. We process personal data obtained through the use of Cookies for the purposes described in the Privacy Notice published on the site. To consent to the use of Cookies and proceed to the site, click Accept below.",GOOD
"Hearst operates this site and uses cookies and similar technologies ('Cookies'). Some Cookies are necessary to make this site and our content available to you. Other Cookies enable us to analyze and measure audience and traffic to the site. Cookies are also used by us, advertisers, ad-tech providers and others to develop and serve ads that are more relevant to your interests. Click on the Learn More link below for more information about Cookies, the types of partners and third parties that can set Cookies on your device or browser when you interact with this site and the purposes for which Cookies are set. From time to time we may add or remove partners or third parties who use Cookies for similar purposes. You can adjust your preferences or withdraw your consent to certain Cookies at any time using the Cookies Choices and Cookies Dashboard tools on our site. We process personal data obtained through the use of Cookies for the purposes described in the Privacy Notice published on the site. To consent to the use of Cookies and proceed to the site, click Accept below. Learn More",GOOD
"DMG Media and its partners use cookies and other technologies to collect user data from your device, so that: We can deliver content and advertising that's relevant to you We give you the best experience Control how cookies are used, and view more info in our Privacy settings and Policy",GOOD
"We use cookies to help our site work, to understand how it is used, and to tailor the adverts presented on our site. By clicking “Accept” below, you agree to us doing so. You can read more in our cookie notice. Or, if you do not agree, you can click Manage below to access other choices.",GOOD
"We use cookies to help our site work, to understand how it is used, and to tailor the adverts presented on our site. By clicking 'Accept' below, you agree to us doing so. You can read more in our cookie notice. Or, if you do not agree, you can click Manage below to access other choices.",GOOD
"We use cookies on this website to make your experience better. By continuing to browse you agree to our use of cookies. If you do not consent to the use of cookies, please alter your settings. To find out more please refer to our privacy policy and cookie policy pages.",GOOD
"Delano.lu uses cookies to save your preferences, manage advertisements, provide more relevant content based on your interests, and continually improve user experience. By continuing to navigate on this site, you agree to the use of these cookies. For more details, you can read our Privacy Policy.",GOOD
"Trust and transparency is important to us. This website uses advertising and analytics technologies (including cookies from your device). We further work with our marketing partners who use these technologies to collect data about your browsing activity on this site, as well as other third-party web sites and apps that partner with them. Our marketing partners use this data to serve you with interest-based advertising and for analytics purposes, and may additionally share this data with their service providers for those same purposes. By continuing to use this site, including clicking off or closing this banner, you consent to the use of advertising and analytics technologies (including cookies) on this site and other sites that work with our marketing partners. If you wish to decline click on Learn More below. OUR PRIVACY POLICY",GOOD
"We use cookies to tailor your experience, measure site performance and present relevant offers and advertisements. By clicking on 'Allow' or any content on this site, you agree that cookies can be placed. You can view our policies or manage your cookies here.",GOOD
"Cookies usage: PRISA uses its own and third-party cookies to improve its services, prepare statistical information and display advertising, content or personalized services through the analysis of its navigation. To accept their use you can click on Accept or continue browsing. Likewise, you can configure or reject the use of cookies by clicking on the Settings section. To obtain more information about the use of cookies and their rights, access our Privacy Policy.",GOOD
"Entrepreneur Media, Inc. values your privacy. In order to understand how people use our site generally, and to create more valuable experiences for you, we may collect data about your use of this site (both directly and through our partners). The table below describes in more detail the data being collected. By giving your consent below, you are agreeing to the use of that data. For more information on our data policies, please visit our Cookie Policy. Name: Google Category: Ad Serving, Ad Targeting, Analytics/Measurement, Optimisation I confirm that I am over the age of 16 and consent to the collection of the above data.",GOOD
"We value your privacy. We use cookies and similar technologies to help our site work, to understand how it is used and to personalise content and advertising. This helps us continue to provide access to our content for free. By clicking 'Accept' you agree to allow cookies to be placed. You can manage your settings here and get more information via our privacy notice.",GOOD
"We use cookies to enhance your experience, for analytics and to show you offers tailored to your interests on our site and third party sites. We may share your information with our advertising and analytic partners. Find out more about cookies by reading our updated Cookies Policy, which contains further information about the cookies and other technologies we use and information about how to disable them. By clicking 'Accept', you agree to our use of cookies and similar technologies. We have updated our Privacy Policy effective 25 May, 2018. Please click here to read our updated Policy.",GOOD
"We want you to experience the full power of Forbes.com, but we need your consent to continue At Forbes, we are committed to protecting the personal data of our audience. In light of the General Data Protection Regulation, we are asking our audience in Europe to consent to the use of cookies by Forbes and its partners to continue to our site. These cookies are used to personalize your user experience (content and ads) and support and improve the site. Please click “I Agree, Continue to Site” below to consent to the use of this technology and continue to Forbes.com. Visit our Privacy Statement to learn more. Privacy Policy Powered by TRUSTe",GOOD
"About Your Privacy. When you visit our site, we use services provided by Tempest, a product of Say Media, Inc., for content delivery and ad selection, including personalised digital ads. Say Media and its partners use technology such as cookies to customise your site experience, analyse website traffic, deliver content, and measure the effectiveness of advertisements across the websites and mobile services provided by Say Media. By continuing to use this site, you consent to the use of cookies unless you have disabled them. To learn more about cookies and how to disable them, view our Cookie Policy. Additionally, this site is supported by interest-based advertising. By clicking 'I Agree' on this screen you agree that Say Media and its partners may process your personal data for the purposes of information storage and access; personalisation; ad selection, delivery, and reporting; content selection, delivery and reporting; and measurement. Please see the Say Media Platform Privacy Policy for more information about our use of data and your rights. If you do not choose to consent, or if you would like more information about the data we and our partners collect and how we use the data we collect, click 'More Information'. You can always manage your settings or withdraw consent from the 'Privacy Settings' link in the menu on this site.",GOOD
"We value your privacy. HELLO! Magazine uses its own and carefully selected third-party cookies on this site to improve performance, for analytics and for advertising. By browsing eyes this site you are agreeing to this. For more information see our Privacy and Cookie policy. You can change your preferences or find out more here",GOOD
"This website uses 'cookies' to give you the best, most relevant experience. Using this website means you are Ok with this. You can change which cookies are set at any time - and find out more about them - by following this link",GOOD
"Before you continue... HuffPost is now part of the Oath family. We (Oath) and our partners need your consent to access your device, set cookies, and use your data, including your location, to understand your interests, provide relevant ads and measure their effectiveness. Oath will also provide relevant ads to you on our partners’ products. Learn More. Select 'OK' to allow Oath and our partners to use your data, or 'Manage options' to review our partners and your choices. Tip: Sign In to save these choices and avoid repeating this across devices. You can always update your preferences in the Privacy Centre. Manage options",GOOD
"We use cookies to improve our services. Our cookie policy is here. If you wish to disable all cookies that are not essential for the website to function, you can do it here. Click here to opt-out.",GOOD
"We Need Your Consent. VICE would like you to accept cookies being placed by your browser so that it can analyse website traffic, enable social media features and serve you with personalised content on VICE sites as well as serve you with personalised advertisements on both VICE sites, and other third-party websites within the VICE Publisher Partner Network. This will involve the processing of your personal information including your IP address and browsing behaviour. For more information, please go to our Cookies Policy. To change your preferences or to reject all but necessary functional cookies, please click “Configure Preferences”. Would you like to accept these cookies?",GOOD
"We have updated our privacy policy, including our cookie policy. If you continue using this website, we understand that you consent to our privacy policy as updated. By clicking on the button below, you accept the use of cookies by this website. You can change your cookie settings at any time by changing your browser settings or contacting your ISP.",GOOD
"We value your privacy We and our partners process your personal data using technology such as cookies in order to serve advertising, analyse our traffic and ee deliver customised experiences for you. You have choice in who uses your data and for what purposes and after setting your preferences may come back anytime to make changes. Show Purposes",GOOD
"Accept the updated privacy & cookie policy. Dear user, The EconomicTimes.com privacy and cookie policy has been updated to align with the new data regulations in European Union. Please review and accept these changes below to continue using the website. You can see our privacy policy & our cookie list below. We use cookies to ensure the best experience for you on our website. If you choose to ignore this message, we'll assume that you are happy to receive all cookies on Economictimes.com. ANALYTICS Define cookies Name Provider Expiry Type Purpose (-} Google Analytics Google 1 Year HTTPS Google Analytics drops different cookies to collects data like number of visits, duration of visits, when user first visited the website, when user left website, where the user comes from, what search term was used, Try to identify the user, Also generate a unique ID to understand how user uses the website, and other data on similar ground. We also put a tag against this to mask user PII which helps us to mask IP address. read more. I've read & accepted the terms and conditions",GOOD
"Accept the updated privacy & cookie policy Dear user, The EconomicTimes.com privacy and cookie policy has been updated to align with the new data regulations in European Union. Please review and accept these changes below to continue using the website. You can see our privacy policy & our cookie list below. We use cookies to ensure the best experience for you on our website. If you choose to ignore this message, we'll assume that you are happy to receive all cookies on Economictimes.com. NECESSARY Define cookies Name Provider Expiry Type Purpose fpid Times internet 1 Year HTTPS Browser Fingerprinting to uniquely identify client browsers pfuuid Times internet 1 Year HTTPS Used to improve the website's performance by anonymously identify the user. optout Times internet 1 Year HTTPS Stores the user's cookie consent state for the current domain etupref Times internet 2 Year HTTPS Used to authenticate your identity to ET I've read & accepted the terms and conditions",GOOD
"We use cookies! Cookies help us run our services and give you a better experience. For the full details please read our Cookie Policy. How do I change my cookie settings? You ok with our use of cookies?",GOOD
"We value your privacy, We and our partners use technologies, such as cookies, and process personal data, such as IP addresses and cookie identifiers, to personalise ads and content based on your interests, measure the performance of ads and content, and derive insights about the audiences who saw ads and content. Click below to consent to the use of this technology and the processing of your personal data for these purposes. You can change your mind and change your consent choices at any time by returning to this site. Show Purposes I See Vendors Powered by Quantcast",GOOD
"Cookies and other technology By clicking accept, you agree to the usage of cookies from this website, third parties and other similar technologies used to improve your user experience while exploring this page, to analyze your interaction with our content and for offering relevant ad content on this page and other providers . Please go to this link for further information about your privacy options. You can revoce this agreement anytime.",GOOD
"By continuing to browse or by clicking “Accept,” you agree to the storing of cookies on your device to enhance site navigation, measure site usage and display interest-based content and ads as outlined in our privacy policy. You can manage your site settings and ad settings here.",GOOD
"This website uses cookies to ensure you get the best experience on our website. By continuing to use this website without disabling cookies in your web browser, you are agreeing to our use of cookies. Read More.",GOOD
"Hearst operates this site and uses cookies and similar technologies ('Cookies'). Some Cookies are necessary to make this site and our content available to you. Other Cookies enable us to analyze and measure audience and traffic to the site. Cookies are also used by us, advertisers, ad-tech providers and others to develop and serve ads that are more relevant to your interests. Click on the Learn More link below for more information about Cookies, the types of partners and third parties that can set Cookies on your device or browser when you interact with this site and the purposes for which Cookies are set. From time to time we may add or remove partners or third parties who use Cookies for similar purposes. You can adjust your preferences or withdraw your consent to certain Cookies at any time using the Cookies Choices and Cookies Dashboard tools on our site. We process personal data obtained through the use of Cookies for the purposes described in the Privacy Notice published on the site. To consent to the use of Cookies and proceed to the site, click Accept below. Learn More",GOOD
"ABOUT YOUR PRIVACY When you visit our site, we use services provided by Tempest, a product of Say Media, Inc., for content delivery and ad selection, including personalised digital ads. Say Media and its partners use technology such as cookies to customise your site experience, analyse website traffic, deliver content, and measure the effectiveness of advertisements across the websites and mobile services provided by Say Media. By continuing to use this site, you consent to the use of cookies unless you have disabled them. To learn more about cookies and how to disable them, view our Cookie Policy. Additionally, this site is supported by interest-based advertising. By clicking 'I Agree' on this screen you agree that Say Media and its partners may process your personal data for the purposes of information storage and access; personalisation; ad selection, delivery, and reporting; content selection, delivery and reporting; and measurement. Please see the Say Media Platform Privacy Policy for more information about our use of data and your rights. If you do not choose to consent, or if you would like more information about the data we and our partners collect and how we use the data we collect, click 'More Information'. You can always manage your settings or withdraw consent from the 'Privacy Settings' link in the menu on this site. More Information",GOOD
"We use cookies to help our site work, to understand how it is used, and to tailor the adverts presented on our site. By clicking “Accept” below, you agree to us doing so. You can read more in our cookie notice. Or, if you do not agree, you can click Manage below to access other choices.",GOOD
"Motor Sport uses cookies in order to deliver a personalised, responsive service and to improve the site. We remember and store information about how you use it using simple text files called cookies which sit on your computer which are completely safe and secure. How to manage cookies. Read our Privacy Policy to give you more detailed information about your rights and how we use your data.",GOOD
"We use our own and third-party cookies to improve our services, personalize your advertising and remember your preferences. If you continue browsing or click on the accept button on this banner, we understand that you accept the use of cookies on our website. For more information visit our Cookies Policy",GOOD
"We and our partners use cookies on this site to improve our service, perform analytics, personalize advertising, measure advertising performance, and remember website preferences. By using the site, you consent to these cookies. For more information on cookies including how to manage your consent visit our cookie policy.",GOOD
"We use cookies for site personalization, analytics and advertising. You can opt out of third party cookies. More info in our privacy policy.",GOOD
"By clicking 'OK' or continuing to use this site, you agree that we may collect and use your personal data and set cookies to improve your experience and customise advertising. To see how, and to learn how to control cookies, please read our Privacy Policy and Cookie Policy.",GOOD
"About Cookies On This Site. When you browse on this site, cookies and other technologies collect data to enhance your experience and personalize the content and advertising you see. Visit our Privacy Policy to learn more and make choices about the data used by us and our partners on the site. By clicking 'Accept' or by continuing to use the site, you agree to this use of cookies and data. Privacy policy",GOOD
"Data Protection Choices. By choosing “I agree” below, you agree that NPR’s sites use cookies, similar tracking and storage technologies, and information about the device you use to access our sites to enhance your viewing, listening and user experience, personalize content, personalize messages from NPR’s sponsors, provide social media features, and analyze NPR’s traffic. This information is shared with social media services, sponsorship, analytics and other third-party service providers. See details. NPR’s Terms of Use and Privacy Policy.",GOOD
"Review our cookie policy. What do we use cookies for? We use cookies and similar technologies to recognize your repeat visits and preferences, as well as to measure the effectiveness of campaigns and analyze traffic. To learn more about cookies, including how to disable them, view our Cookie Policy. By clicking 'I Accept' or 'X' on this banner, or using our site, you consent to the use of cookies unless you have disabled them.",GOOD
"We use cookies to help our site work, to understand how it is used, and to tailor the adverts presented on our site. By clicking “Accept” below, you agree to us doing so. You can read more in our cookie notice. Or, if you do not agree, you can click Manage below to access other choices.",GOOD
"This website uses cookies to allow us to see how the site is used. The cookies cannot identify you. By continuing to use this site you are agreeing to our use of cookies. If you want to use the site without cookies or would like to know more, please click to READ MORE...",GOOD
"Dear User, On May 25, 2018, Regulation (EU) 2016/679 of the European Parliament and of the Council of April 27, 2016 (General Data Protection Regulation) came into force. We encourage you to familiarise yourself with information about the processing of personal data on the PolskieRadio.p! website. 1. The Data Administrator is Polish Radio S.A., based at 77/85 Niepodlegtosci Ave., 00-977, Warsaw. 2. On issues regarding your data, please contact the Data Protection Officer, e-mail: iod@polskieradio.pl, tel. 22 645 34 03. 3. Personal data may be processed for marketing purposes based on consent. 4. Personal data may be shared solely for the purpose of proper implementation of services defined in the privacy policy. 5. Personal data will not be transferred outside the European Economic Area or to an international organisation. 6. Personal data will be stored for 5 years after an account is deactivated, in accordance with the law. 7. You have the right to access your personal data, correct it, to have it moved or deleted, or to limit its processing. 8. You have the right to object to further processing, and in the case of voicing consent to the processing of personal data, you have the right to withdraw your consent. The exercise of the right to withdraw consent does not affect any processing that has already taken place. 9. You have the right to lodge a complaint with the supervisory authority. 10. Polish Radio S.A. declares that no automated decisions are made when personal data is processed, and that profiling is not used. For more information on this subject, please read our personal data and privacy policy.",GOOD
"Polish Radio SA uses cookies on its web pages. We use cookies to gather statistical data, display advertisements and enable some elements of our services to function properly. Cookies may also be placed on your devices by external firms working with us. By using the page you agree to the use of cookies according to the current setting of your browser. Find out more about why cookies are used and about changing cookie settings on your browser.",GOOD
"Hearst operates this site and uses cookies and similar technologies ('Cookies'). Some Cookies are necessary to make this site and our content available to you. Other Cookies enable us to analyze and measure audience and traffic to the site. Cookies are also used by us, advertisers, ad-tech providers and others to develop and serve ads that are more relevant to your interests. Click on the Learn More link below for more information about Cookies, the types of partners and third parties that can set Cookies on your device or browser when you interact with this site and the purposes for which Cookies are set. From time to time we may add or remove partners or third parties who use Cookies for similar purposes. You can adjust your preferences or withdraw your consent to certain Cookies at any time using the Cookies Choices and Cookies Dashboard tools on our site. We process personal data obtained through the use of Cookies for the purposes described in the Privacy Notice published on the site. To consent to the use of Cookies and proceed to the site, click Accept below.",GOOD
"We value your privacy. We and our partners use technology such as cookies on our site to personalise content and ads, provide social media features, and analyse our traffic. Click below to consent to the use of this technology across the web. You can change your mind and change your consent choices at anytime by returning to this site. Manage My Consents I See full vendor list. Powered by Quantcast",GOOD
"This website uses cookies and similar technology to collect and analyse information about the users of this website. We and our partners use this information for advertising, analytics and to customize content. By navigating on this site, you accept the use of cookies. You can manage your preferences at any time by clicking here.",GOOD
"Your Privacy. Sky UK Limited and our trusted partners use cookies and similar technologies on this Sky News site to provide you with website services and personalised content. For details on how Sky processes your data and uses cookies please visit our privacy and cookie notice. We also work with trusted advertising partners to show you content and advertisements for products and services you might like. By selecting 'Accept' below, you consent to these partners using third party cookies to process your information for their own purposes. You can select how your data is used in privacy options. You can easily change your settings anytime.",GOOD
"We value your privacy We and our partners use technology such as cookies on our site to personalise content and ads, provide social media features, and analyse our traffic. Click below to consent to the use of this technology across the web. Click 'Show Purposes' or go to our Cookies Policy in the footer of the page for more information on how we use cookies. You can change your mind and change your consent choices at any time by returning to this site. Show purposes FUTURE",GOOD
"Our website uses cookies to improve its performance and enhance your user experience. Through cookies, certain personal data is collected and may be stored temporarily. You can change your cookie settings through your browser. More info: Privacy Policy",GOOD
"We value your privacy We and our partners process your personal data using technology such as cookies in order to serve advertising, analyse our traffic and ee deliver customised experiences for you. You have choice in who uses your data and for what purposes and after setting your preferences may come back anytime to make changes. Show Purposes",GOOD
"Our site uses cookies so that we can remember you, understand how you use our site and serve you relevant adverts and content. Click the OK button, to accept cookies on this website. You can change your setting with the Cookie Settings. To find out more about cookies visit our Privacy & Cookies Policy.",GOOD
"We use both our own and third party cookies to produce statistical information and to show you personalized advertising, content and services through the analysis of your browsing. Furthermore, we share the analysis of browsing and the inferred target groups with collaborating companies in order to personalize the advertising. If you continue to browse, you are accepting its use, although you may withdraw your consent at any time. You can also click on 'Learn More' to modify or resist the use of cookies. You can get more information in our Cookie Policy.",GOOD
"We use both our own and third party cookies to produce statistical information and to show you personalized advertising, content and services through the analysis of your browsing. Furthermore, we share the analysis of browsing and the inferred target groups with collaborating companies in order to personalize the advertising. If you continue to browse, you are accepting its use, although you may withdraw your consent at any time. You can also click on 'Learn More' to modify or reject the use of cookies. You can get more information in our Cookies Policy.",GOOD
"About Cookies On This Site We use cookies to collect and analyse information on site performance and usage, and to enhance and customise content and advertisements. By Clicking 'OK' or by clicking into any content on this site, you agree to allow cookies to be placed. To find out more or to change your cookie settings, visit the cookies section of our privacy policy.",GOOD
"We value your privacy. We and our partners process your personal data using technology such as cookies in order to serve advertising, analyse our traffic and deliver customised experiences for you. You have choice in who uses your data and for what purposes and after setting your preferences may come back anytime to make changes. Manage Preferences I See full vendor list I Cookie Policy I Privacy Policy Powered by Quantcast",GOOD
"This site uses cookies Some of these cookies are essential, while others help us to improve your experience by providing insights into how the site is being used. For more detailed information please read our cookie policy https://theisleofthanetnews.com /cookie-policy/ Necessary Cookies Necessary cookies enable core functionality. The website cannot function properly without these cookies, and can only be disabled by changing your browser preferences. Marketing Cookies Off Marketing cookies are used to track visitors across websites. The intention is to display ads that are relevant and engaging for the individual user and thereby more valuable for publishers and third part advertisers.",GOOD
"Thanks for visiting. In order to run a successful website, we and certain third parties are setting cookies and accessing and storing information on your device for various purposes. Various third parties are also collecting data to show you personalized content and ads. Some third parties require your consent to collect data to serve you personalized content and ads. By continuing to use this site, including pressing the GOT IT, THANKS! button or closing this window, you consent to the use of collected data (including cookies) on this site and other sites that work with our third party partners. If you wish to learn more about your consent or decline, please click on the MANAGE YOUR CHOICES button below.",GOOD
"Welcome to LOVE. This site uses cookies to improve your experience and deliver personalised advertising. You can opt out at any time or find out more by reading our cookie policy.",GOOD
"Sorry for the intrusion... Please be aware we use cookies and similar technologies to help our site work, to understand how it is used, and to personalise content and advertising. It helps us continue to provide access to our content for free. By clicking 'Accept' you agree to allow cookies to be placed. You can manage your settings here and get more information via our privacy notice.",GOOD
"We use cookies at The Sun so we can serve up content and advertising that's relevant to you. You can find out more and control how cookies are used by clicking Cookie Settings. By using The Sun's website, you're agreeing to the use of cookies. Privacy and Cookie Policy.",GOOD
"We use cookies and other tracking technologies to improve your browsing experience on our site, show personalized content and targeted ads, analyze site traffic, and understand where our audience is coming from. To find out more or to opt-out, please read our Cookie Policy. In addition, please read our Privacy Policy, which has also been updated and became effective May 23rd, 2018. By choosing I Accept, you consent to our use of cookies and other tracking technologies.",GOOD
"We use cookies to help our site work, to understand how it is used, and to tailor the adverts presented on our site. By clicking “Accept” below, you agree to us doing so. You can read more in our cookie notice. Or, if you do not agree, you can click Manage below to access other choices.",GOOD
"This website, published by Tiso Blackstar Group (Pty) Ltd, uses cookies, which help to run the website in various ways, including essential services, advertising and analytics. By accepting or continuing to use this website, you consent to us using cookies. You can see how to opt out of non-essential cookies or get more information about how we manage cookies in our privacy and cookie policy.",GOOD
"Cookies on The Times of India. The Times of India has updated its Privacy and Cookie policy. We use cookies to ensure that we give you the better experience on our website. If you continue without changing your settings, we'll assume that you are happy to receive all cookies on the The Times of India website. However, you can change your cookie setting at any time by clicking on our Cookie Policy at any time. You can also see Cookie Policy our Privacy Policy",GOOD
"We use cookies ( or similar technologies ) to measure our audience, enhance your browsing experience and provide you with advertising based on your browsing activities and interests on this and other sites. By clicking “Accept Cookies', you agree to such purposes and the sharing of your data with our Warner Bros./WarnerMedia Affiliates. You can find out more withdraw and your consent at anv time. Privacy Policy",GOOD
"WE AND OUR PARTNERS USE COOKIES ON THIS SITE TO IMPROVE OUR SERVICE, PERFORM ANALYTICS, PERSONALIZE ADVERTISING, MEASURE ADVERTISING PERFORMANCE, AND REMEMBER WEBSITE PREFERENCES. BY USING THE SITE, YOU CONSENT TO THESE COOKIES. FOR MORE INFORMATION ON COOKIES INCLUDING HOW TO MANAGE YOUR CONSENT VISIT OUR COOKIE POLICY.",GOOD
"We Need Your Consent VICE would like you to accept cookies being placed by your browser so that it can analyse website traffic, enable social media features and serve you with personalised content on VICE sites as well as serve you with personalised advertisements on both VICE sites, and other third-party websites within the VICE Publisher Partner Network. This will involve the processing of your personal information including your IP address and browsing behaviour. For more information, please go to our Cookies Policy. To change your preferences or to reject all but necessary functional cookies, please click “Configure Preferences”. Would you like to accept these cookies?",GOOD
"About Cookies On This Site. When you browse on this site, cookies and other technologies collect data to enhance your experience and personalize the content and advertising you see. Visit our Privacy Policy to learn more and make choices about the data used by and our partners on the site. By clicking 'Accept' or by continuing to use the site, you agree to this use of cookies and data. Privacy Policy",GOOD
"We use cookies and other tracking technologies to improve your browsing experience on our site, show personalized content and targeted ads, analyze site traffic, and understand where our audience is coming from. To find out more or to opt-out, please read our Cookie Policy. In addition, please read our Privacy Policy, which has also been updated and became effective May 23rd, 2018. By choosing I Accept, you consent to our use of cookies and other tracking technologies.",GOOD
"We value your privacy. We and our partners use technology such as cookies on our site to personalise content and ads, provide social media features, and analyse our traffic. Click below to consent to the use of this technology across the web. You can change your mind and change your consent choices at anytime by returning to this site. Powered by Quantcast",GOOD
"COOKIE NOTICE. We use cookies for analytics, advertising and to improve our site. You agree to our use of cookies by closing this message box or continuing to use our site. To find out more, including how to change your settings, see our Cookie Policy",GOOD
"We and our partners use cookies to understand how you use our site, improve your experience and serve you personalized content and advertising. Read about how we use cookies in our cookie policy and how you can control them by clicking 'Manage Settings'. By continuing to use this site, you accept these cookies.",GOOD
"We use necessary cookies to make our site work. We’d like to set additional cookies to understand site usage, make site improvements and to remember your settings. We also use cookies set by other sites to help deliver content from their services. View our Cookie Notice",GOOD
"We value your privacy. We use cookies to enhance your browsing experience, serve personalized ads or content, and analyze our traffic. By clicking 'Accept All', you consent to our use of cookies.",GOOD
"Cookie consent. This website uses cookies to improve your experience. We will assume you are ok with this, but you can opt-out if you wish. View our privacy policy",GOOD
"Cookie consent. This website uses cookies that help the website to function and also track how you interact with our website. But for us to provide the best user experience, enable the specific cookies from Settings, and click on Accept",GOOD
"We use cookies on our website to give you the most relevant experience by remembering your preferences and repeat visits. By clicking 'Accept All', you consent to the use of ALL the cookies. However, you may visit 'Cookie Settings' to provide a controlled consent.",GOOD
"This website uses cookies to improve your experience. We'll assume you're ok with this, but you can opt-out if you wish. Read More",GOOD
"By clicking 'Allow All', you agree to the storing of cookies on your device to enhance site navigation and to analyse site usage. Read more here.",GOOD
"Hi! We use cookies and similar technologies ('cookies'), including third-party cookies, on this website to help oeprate and improve your experience on our site, monitor our site performance, and for advertising purposes. For more information on how we use cookies and your cookie choices, go here for our cookie policy! By clicking 'Accept Cookies' below,  you are giving us consent to use cookies (except consent is not required for cookies necessary to run our site). You can change your cookie settings, and withdraw your consent at any time, by clicking on 'Cookie Settings' below.",GOOD
"The choice is yours. We use cookies to give you the best possible experience when using our website. BY clicking 'Accept All', we can bring you relevant advertising and personalized content -- and generally give you a much more enhanced visit. If you'd rather take the time to set which cookies we can use, click 'Manage Settings'. Your choices can always be changed at a later date here.",GOOD
"Hi! Just wanted to let you know that we use cookies on our site. These cookies enhance your experience, improve the quality of our site, and help us show you things that are mroe likely to be relevant to you. We also allow third parties (including our advertising partners) to place cookies on our websites. By clicking 'Accept', you're agreeing to the placement and use of cookies as described in our Cookie POicly. That is all, Thanks for reading!",GOOD
"We use cookies. Many are necessary to operate the website and its functions, others are for statistical or marketing pruposes. With the decision 'Only accept essential cookies' we will respect your privacy and not set cookies taht aren't necessary for the operation of the site",GOOD
"Cookies at tails.com. We use cookies to give you the best online experience. Cookies keep our site secure and reliable. They let us personalise tails.com to you (and your dog) and help us analyse how the site is used.",GOOD
"About cookies on this site. Certain advertising cookies on this site share information with digital advertising participants, so that Gamestop can recommend relevant products and services when you browse social media or other sites. Such information sharing may be deemed as a 'sale' under the CCPA if such disclosure is for any valuable consideration, even if we don't receive any payment or discount. You can adjust your preferences below.",GOOD
"We use cookies in a limited and restricted manner for specific purposes. For more details, you can see 'our data policy'.",BAD
"This website uses cookies to improve your experience. We'll assume you're ok with this, but you can opt-out if you wish.",BAD
"By continuing to browse, you agree to our Privacy Policy and the use of cookies to provide you with videos and sharing buttons, and to allow us to perform analysis to provide you with content consistent with your interests.",BAD
"This website uses cookies to manage authentication, navigation, and other functions. By using our website, you agree that we can place these types of cookies on your device. By clicking OK, you are accepting cookies.",BAD
"Accept Cookies & Privacy Policy? We use cookies to ensure that we give you the best experience on our website. If you continue to use this site we will assume that you are happy with it.",BAD
"By continuing to use our site you consent to the use of cookies as described in our privacy policy.",BAD
"This site uses cookies",BAD
"COOKIES Our website uses cookies. By continuing to use this website you agree to allowing us to collect anonymous data about how you use this website. This data will be used to improve the site and the service we provide.",BAD
"We use cookies to ensure that we give you the best experience on our website. If you continue to use this site we will assume that you are happy with it. Privacy policy",BAD
"By closing this message, you consent to our cookies on this device in accordance with our cookie policy unless you have disabled them.",BAD
"We use cookies to ensure that we give you the best experience on our website. Read more",BAD
"We use cookies for keeping our website reliable and secure, personalising content and ads, providing social media features and to analyse how our website is used. Terms and conditions Cookie Policy Privacy policy",BAD
"This website makes use of cookies to enhance pete experience and provide additional functionality. Details",BAD
"This website uses cookies to ensure you get the best experience on our website. Learn more",BAD
"This website uses cookies to ensure you get the best experience on our website. Review Settings",BAD
"By continuing to browse, you agree to our Privacy Policy and the use of cookies to provide you with videos and sharing buttons, and to allow us to perform analysis to provide you with content consistent with your interests",BAD
"This website uses cookies MORE INFO",BAD
"We use our own cookies, and those of third parties, to improve your browsing experience as well as the services we provide, according to your browsing habits. If you continue on this site, we consider that you have accepted the terms of use. For more information about the use of cookies, and how to eliminate or block cookies, see our Cookie Policy.",BAD
"Please click to read our informative text prepared pursuant to the Law on the Protection of Personal Data No. 6698 and to get information about the cookies used on our website in accordance with the relevant legislation.",BAD
"We use cookies to give you a better experience of using our site. By continuing the review, you agree to our Terms of Use and agree to the use of cookies",BAD
"Cookies This website uses Cookies, some of which will collect data about you. By continuing to browse this site you agree to our use of Cookies. For more information please see our Cookie Policy.",BAD
"We use cookies to improve your experience on our site. To find out more, read our cookie policy. Or if you're happy to accept cookies, click the cross Q and continue.",BAD
"We use cookies to ensure that we give you the best experience on our website. Read more",BAD
"We use cookies to ensure that we give you the best experience on our website. If you continue to use this site we will assume that you are happy with it.",BAD
"We use cookies to improve our service for you. You can find more information in our data protection declaration.",BAD
"We use cookies to improve your experience on our website. By browsing this website, you agree to our use of cookies.",BAD
"This website uses cookies to ensure you get the best experience on our website. More info",BAD
"ESA uses cookies to track visits to our website only, no personal information is collected. By continuing to use the site you are agreeing to our use of cookies. Find out more about our cookie policy.",BAD
"By continuing to browse the website, you are agreeing to our use of cookies",BAD
"We use cookies to personalise content and ads, to provide social media features and to analyse our traffic. We also share information about your use of our site with our social media, advertising and analytics partners who may combine it with other information that you've provided to them or that they've collected from your use of their services.",BAD
"This website uses cookies to improve your experience. By using this website, you consent to our Privacy Policy, which furter details why cookies are used and how they are managed. Learn more on Privacy Policy page.",BAD
"We use cookies to enhance your experience. By continuing to visit this site you agree to our use of cookies. Learn more",BAD
"This site uses cookies. By continuing to browse the site, you are agreeing to our use of cookies. ",BAD
"By continuing to use this website you agree to the use of cookies or similar technologies to gauge audience usage and to offer you social networking features, related content and customised advertising. Learn more",BAD
"Privacy & Cookies: This site uses cookies. By continuing to use this website, you agree to their use. To find out more, including how to control cookies, see here: Cookie Policy Close and accept",BAD
"Cookies on FT Sites. We use cookies for a number of reasons, such as keeping FT Sites reliable and secure, personalising content and ads, providing social media features and to analyse how our Sites are used.",BAD
"We use cookies to ensure that we give you the best experience on our website. If you continue to use this site we will assume that you are happy with it.",BAD
"By continuing to use the site, you agree to the use of cookies. more information",BAD
"By using this site, you agree we can set and use cookies. For more details of these cookies and how to disable them, see our cookie policy",BAD
"This website uses cookies to ensure you get the best experience on our website. Learn more",BAD
"This website uses cookies to improve your experience. We'll assume you're ok with this, but you can opt-out if you wish",BAD
"We use cookies to provide you with the best experience in Outdoors programming. Click accept to continue or read about our Privacy Policy.",BAD
"We use cookies to ensure that we give you the best experience on our website. If you continue to use this site we will assume that you are happy with it.",BAD
"We use cookies to understand how you use our site and to improve your experience. This includes personalizing content and advertising. To learn more, click here. By continuing to use our site, you accept our use of cookies, revised Privacy Policy and Terms of Use.",BAD
"By continuing to use this site, you give your consent to our use of cookies for analytics, personalization and ads. Read more",BAD
"This site uses cookies The site and its partners use technology such as cookies to personalise content and ads and analyse traffic. Please enable cookies in your browser, in case they are disabled. By using this site, you agree to its Privacy Policy. You can change your mind and revisit your choices at anytime in future.",BAD
"We use cookies on this site to enhance your user experience. By clicking any link on this page you are giving your consent for us to set cookies.",BAD
"We use cookies to ensure that we give you the best experience on our website. If you continue to use this site we will assume that you are happy with it. ",BAD
"This website uses cookies to ensure you get the best experience on our website. Deactivate website analytics",BAD
"Our privacy policy has been updated, effective May 25. To read the new policy, go here. By continuing to use this site, you consent to the new policy.",BAD
"This site uses cookies to ensure that we deliver you the best user experience. By continuing to browse the site you are agreeing to our use of cookies. For more information please see our COOKIE POLICY.",BAD
"By continuing to use the site, you agree to the use of cookies. More information",BAD
"This site uses cookies to ensure that we give you the best experience on our website. By continuing to use our site we assume that you accept our policies.",BAD
"KyivPost.com uses cookies. We use cookies to ensure that we give you the best experience on our website. We don't share any information about you with third parties and we never will. This data stays with the Kyiv Post and helps independent journalism. Without cookies, you will see a limited version of the website.",BAD
"By continuing to use our site, you agree to our Terms of Service and Privacy Policy. Youcan learn more about how we use cookies by reviewing our Privacy Policy.",BAD
"We use cookies to improve our website. By continuing to use this website, you are giving consent to cookies being used. More details...",BAD
"Privacy & Cookies: This site uses cookies. By continuing to use this website, you agree to their use. To find out more, including how to control cookies, see here: Cookie Policy",BAD
"This site uses cookies: Find out more.",BAD
"We use cookies on our website to give you a better experience, improve performance, and to show you relevant adverts. By using this website you agree to the use of cookies. Find out more",BAD
"By using this site, you agree to our Privacy Policy including the use of cookies to enhance your experience.",BAD
"We use cookies on this site to enhance your user experience. By clicking any link on this page you are giving your consent for us to set cookies.",BAD
"Our website uses cookies to improve your user experience. If you continue browsing, we assume that you consent to our use of cookies. More information can be found in our Cookies Policy and Privacy Policy.",BAD
"This website uses cookies to ensure you get the best experience on our website. View Privacy Policy",BAD
"WebMD uses cookies and other technologies to deliver the Medscape services, personalize content and advertising and to analyze user activity. For additional details, refer to our Cookie Policy. By clicking “I AGREE” below, you consent to the use of cookies and other technologies as described in our Cookie Policy.",BAD
"Our Website may use cookies to improve your experience. Please close this message if you accept our Privacy & Cookie Policy. For more information about cookies and how we use them, please visit our Privacy & Cookie page.",BAD
"This website uses cookies to improve your experience. We'll assume you're ok with this, but you can opt-out if you wish. Read More",BAD
"We use cookies to tailor your experience, measure site performance and present relevant offers and advertisements. By clicking on 'Allow' or any content on this site, you agree that cookies can be placed.",BAD
"We use cookies to tailor your experience, measure site performance and present relevant offers and advertisements. By clicking on 'Allow' or any content on this site, you agree that cookies can be placed.",BAD
"New Scientist uses cookies to provide you with a great user experience. By using this website, you agree to the use of cookies on your device.",BAD
"This site uses cookies to ensure that we give you the best experience on our website. By continuing to use our site we assume that you accept our policies.",BAD
"This site uses cookies to personalize your experience, analyze site usage, and offer tailored promotions. www.youronlinechoices.eu",BAD
"Thanks for visiting nltimes.nl Under the General Data Protection Regulation, cookies are considered personal data. Cookies are used on this website. You can find more information about this in the privacy statement. You are hereby requested to accept the use of these cookies. Read our privacy policy",BAD
"This Site Uses Cookies. We and our advertising partners use cookies on this site and around the web to improve your website experience and provide you with personalized advertising from this site and other advertisers in AdRoll's network. By clicking 'allow' or navigating this site, you accept the placement and use of these cookies for these purposes. ",BAD
"We use cookies to enhance your experience on our website. By clicking ‘continue’ or by continuing to use our website, you are agreeing to our use of cookies. You can change your cookie settings at any time.",BAD
"Privacy Statement. By continuing to browse our site, you agree to our privacy policy and use of cookies. You can change your cookie settings through your browser.",BAD
"We use cookies to ensure that we give you the best experience on our website.",BAD
"Your Privacy. This site uses cookies to assist with navigation, analyse your use of our services, and provide content from third parties. By using our site, you acknowledge that you have read and understand our Privacy Policy and Terms of Use.",BAD
"We value your privacy. We use cookies and other technologies to keep the site reliable and secure, tailor your experience, measure site performance a and present relevant offers and advertisements, as described in our privacy policy and cookie policy. More information",BAD
"POPULAR SCIENCE Update to privacy policy and how we use cookies. Bonnier Corp. and its brands use cookies to identify your individual device so that we and our third-party partners can efficiently deliver content and advertisements that will be relevant to you, based on the pages you visit on our site(s) and other websites across the internet. View Privacy Policy View Data Disclosure View List of Cookies Used on this Site   Update to privacy policy and how we use cookies To continue enjoying the free content made available to you on this website, you must indicate that you understand and accept Bonnier Corp.’s use of cookies by selecting the 'Allow all cookies' button below. Allow all cookies Show details v @",BAD
"This website uses cookies for a better browsing experience, in continuing browsing you're accepting their use. Read More Thank you",BAD
"The use of cookies allows us to provide you with a more enjoyable reading experience and exciting offers personally directed to you. We are requesting your permission to use cookies. Information on how we use cookie data can be found here.",BAD
"Welcome to USA TODAY NETWORK’S EUROPEAN UNION EXPERIENCE. Learn more.",BAD
"This website is using cookies. We use them to give you the best experience. If you continue using our website, we'll assume that you are happy to receive all cookies on this website.",BAD
"By using this site you consent to the use of cookies. Cookies can be managed in your browser or device settings. For more information, please view our Cookie Policy.",BAD
"This site uses cookies. By continuing to browse the site, you are agreeing to our use of cookies.",BAD
"This website uses cookies. Click here to find out more.",BAD
"Cookies help us deliver our Services. By using our Services or clicking I agree, you agree to our use of cookies. Learn More.",BAD
"By continuing to use this site, you agree to the use of cookies or similar technologies to gauge audience usage and to offer you social networking features, related content and customised advertising. Learn more...",BAD
"This website uses cookies. Read RT Privacy policy to find out more.",BAD
"By continuing to use our site, you agree to our Terms of Service and Privacy Policy. You can learn more about how we use cookies by reviewing our Privacy Policy. ",BAD
"The Society for Science & the Public uses cookies to personalize your experience and improve our services. For more information on how we use cookies on our websites, visit our Cookie Policy.",BAD
"This website uses cookies to ensure you get the best experience on our website. Learn more",BAD
"The STA web pages use cookies to ensure proper functioning of all page features. By using our website, you agree to the use of cookies on all STA web pages.",BAD
"This website uses its own and third-party cookies in order to optimise your navigation, adapt to your preferences and conduct analytical studies. By continuing to browse you accept our Cookie Policy",BAD
"By using this site, you agree to our updated Privacy Policy and our Terms of Use.",BAD
"Your privacy. We use cookies to improve your experience on our site and to show you personalised advertising. To find out more, read our privacy policy and cookie policy.",BAD
"This site uses cookies to improve your experience and to provide services and advertising. By continuing to browse, you agree to the use of cookies described in our Cookies Policy. To learn more see our Cookies Policy.",BAD
"We use cookies to ensure that we give you the best experience on our website. If you continue to use this site we will assume that you are happy with it.",BAD
"This website uses cookies to store information on your computer, and browsing the site indicates your acceptance of this.",BAD
"Cookies help us deliver our services. By using our services, you agree to our use of cookies.",BAD